ID,Class
6680.wav,gun_shot
5880.wav,dog_bark
5965.wav,street_music
5971.wav,jackhammer
5386.wav,engine_idling
8521.wav,engine_idling
1762.wav,street_music
2161.wav,drilling
3058.wav,street_music
7757.wav,jackhammer
2231.wav,jackhammer
3521.wav,street_music
1509.wav,engine_idling
2155.wav,drilling
2701.wav,children_playing
1140.wav,children_playing
5462.wav,children_playing
1911.wav,gun_shot
7282.wav,children_playing
1290.wav,dog_bark
7627.wav,dog_bark
5491.wav,dog_bark
1104.wav,drilling
5855.wav,jackhammer
6624.wav,gun_shot
3015.wav,drilling
2667.wav,drilling
4898.wav,street_music
8178.wav,children_playing
2615.wav,street_music
7487.wav,street_music
5961.wav,children_playing
8683.wav,drilling
8070.wav,street_music
6090.wav,dog_bark
4071.wav,children_playing
8385.wav,air_conditioner
5104.wav,jackhammer
4512.wav,engine_idling
7306.wav,children_playing
7353.wav,engine_idling
2965.wav,jackhammer
2119.wav,siren
8557.wav,dog_bark
191.wav,dog_bark
5187.wav,gun_shot
4892.wav,dog_bark
8115.wav,jackhammer
1855.wav,engine_idling
6438.wav,engine_idling
7454.wav,jackhammer
5113.wav,engine_idling
8112.wav,engine_idling
3995.wav,street_music
4694.wav,street_music
2745.wav,siren
2110.wav,children_playing
4388.wav,engine_idling
3684.wav,engine_idling
6488.wav,drilling
4696.wav,children_playing
7438.wav,siren
4587.wav,jackhammer
5885.wav,engine_idling
1637.wav,jackhammer
5931.wav,car_horn
6766.wav,street_music
5207.wav,siren
1707.wav,children_playing
7295.wav,air_conditioner
5458.wav,dog_bark
3615.wav,air_conditioner
7907.wav,drilling
292.wav,drilling
2183.wav,dog_bark
4946.wav,air_conditioner
2079.wav,jackhammer
3693.wav,children_playing
8698.wav,siren
6185.wav,dog_bark
4306.wav,air_conditioner
5811.wav,dog_bark
743.wav,engine_idling
2100.wav,street_music
6071.wav,children_playing
8489.wav,street_music
8358.wav,children_playing
4689.wav,street_music
7637.wav,jackhammer
6807.wav,children_playing
8488.wav,children_playing
2422.wav,children_playing
8718.wav,gun_shot
8175.wav,jackhammer
3145.wav,street_music
209.wav,drilling
4501.wav,street_music
5332.wav,air_conditioner
4127.wav,dog_bark
3617.wav,car_horn
2159.wav,dog_bark
8494.wav,dog_bark
362.wav,street_music
5062.wav,drilling
204.wav,jackhammer
293.wav,children_playing
3892.wav,engine_idling
502.wav,children_playing
1659.wav,engine_idling
5578.wav,children_playing
3824.wav,engine_idling
8687.wav,street_music
1544.wav,drilling
2818.wav,gun_shot
1625.wav,dog_bark
3080.wav,siren
1583.wav,jackhammer
983.wav,children_playing
4445.wav,street_music
403.wav,air_conditioner
6146.wav,jackhammer
4845.wav,air_conditioner
5974.wav,street_music
2311.wav,air_conditioner
6761.wav,air_conditioner
4107.wav,jackhammer
3677.wav,air_conditioner
2799.wav,jackhammer
4588.wav,gun_shot
5182.wav,dog_bark
1951.wav,drilling
2272.wav,children_playing
2522.wav,gun_shot
8018.wav,engine_idling
8284.wav,jackhammer
6344.wav,street_music
2270.wav,street_music
284.wav,children_playing
7972.wav,children_playing
4631.wav,street_music
3720.wav,children_playing
7652.wav,air_conditioner
7442.wav,car_horn
962.wav,children_playing
3431.wav,jackhammer
1397.wav,air_conditioner
2355.wav,air_conditioner
5250.wav,drilling
7660.wav,dog_bark
5428.wav,jackhammer
6018.wav,jackhammer
1684.wav,dog_bark
6479.wav,dog_bark
7820.wav,street_music
7485.wav,siren
7441.wav,drilling
1144.wav,jackhammer
7915.wav,children_playing
5311.wav,street_music
7692.wav,drilling
531.wav,jackhammer
7536.wav,jackhammer
6369.wav,street_music
6700.wav,children_playing
3907.wav,drilling
1421.wav,dog_bark
6122.wav,dog_bark
4891.wav,children_playing
4457.wav,street_music
5431.wav,car_horn
8708.wav,children_playing
1535.wav,children_playing
2202.wav,children_playing
7106.wav,engine_idling
3655.wav,gun_shot
4270.wav,air_conditioner
5334.wav,street_music
2964.wav,jackhammer
7210.wav,drilling
7587.wav,engine_idling
4334.wav,air_conditioner
1283.wav,siren
6997.wav,dog_bark
4495.wav,gun_shot
8554.wav,children_playing
3457.wav,jackhammer
3826.wav,car_horn
7407.wav,street_music
2316.wav,dog_bark
2681.wav,dog_bark
4999.wav,children_playing
8433.wav,siren
344.wav,street_music
6513.wav,jackhammer
289.wav,jackhammer
4295.wav,engine_idling
653.wav,street_music
3488.wav,street_music
458.wav,drilling
5580.wav,drilling
3485.wav,street_music
890.wav,dog_bark
3694.wav,dog_bark
1009.wav,siren
7127.wav,siren
1619.wav,children_playing
1757.wav,air_conditioner
3384.wav,street_music
112.wav,dog_bark
7199.wav,jackhammer
4701.wav,jackhammer
6504.wav,children_playing
6084.wav,street_music
6803.wav,engine_idling
2670.wav,siren
6916.wav,drilling
2743.wav,jackhammer
6148.wav,engine_idling
8273.wav,drilling
8031.wav,car_horn
8532.wav,dog_bark
1770.wav,gun_shot
7848.wav,siren
1627.wav,drilling
7416.wav,jackhammer
4251.wav,siren
6758.wav,street_music
6226.wav,street_music
2035.wav,engine_idling
2978.wav,air_conditioner
1710.wav,street_music
3361.wav,drilling
5421.wav,street_music
5152.wav,car_horn
5116.wav,engine_idling
2827.wav,dog_bark
7554.wav,street_music
7572.wav,children_playing
1142.wav,drilling
2759.wav,drilling
6113.wav,street_music
8463.wav,gun_shot
3124.wav,drilling
8478.wav,siren
1222.wav,air_conditioner
7594.wav,street_music
6868.wav,children_playing
7193.wav,jackhammer
6135.wav,jackhammer
8583.wav,drilling
415.wav,jackhammer
2893.wav,street_music
23.wav,children_playing
2331.wav,street_music
1121.wav,jackhammer
7390.wav,dog_bark
5929.wav,jackhammer
7924.wav,engine_idling
5090.wav,dog_bark
8652.wav,siren
5845.wav,dog_bark
6944.wav,engine_idling
7790.wav,jackhammer
5717.wav,street_music
7406.wav,street_music
2181.wav,children_playing
2267.wav,dog_bark
8153.wav,dog_bark
3818.wav,dog_bark
3460.wav,gun_shot
3314.wav,drilling
6361.wav,engine_idling
1463.wav,drilling
1859.wav,air_conditioner
5810.wav,children_playing
4192.wav,siren
5894.wav,dog_bark
4848.wav,air_conditioner
718.wav,drilling
8505.wav,street_music
8329.wav,dog_bark
6745.wav,dog_bark
8169.wav,engine_idling
6597.wav,jackhammer
2762.wav,car_horn
1514.wav,dog_bark
7093.wav,dog_bark
3755.wav,siren
988.wav,air_conditioner
4280.wav,engine_idling
4165.wav,car_horn
7037.wav,siren
1067.wav,dog_bark
2834.wav,jackhammer
7512.wav,children_playing
1258.wav,jackhammer
1146.wav,children_playing
2387.wav,drilling
2559.wav,street_music
3643.wav,engine_idling
997.wav,engine_idling
5536.wav,drilling
1429.wav,car_horn
4186.wav,children_playing
1249.wav,jackhammer
2243.wav,engine_idling
4120.wav,jackhammer
1097.wav,jackhammer
3602.wav,siren
5220.wav,dog_bark
4874.wav,children_playing
7840.wav,dog_bark
6444.wav,engine_idling
836.wav,jackhammer
6303.wav,dog_bark
2396.wav,gun_shot
4405.wav,dog_bark
6744.wav,siren
4872.wav,dog_bark
711.wav,dog_bark
4185.wav,engine_idling
6699.wav,drilling
4188.wav,engine_idling
5212.wav,children_playing
2440.wav,air_conditioner
2860.wav,children_playing
7983.wav,air_conditioner
8497.wav,jackhammer
2052.wav,children_playing
2590.wav,siren
297.wav,dog_bark
7643.wav,drilling
644.wav,children_playing
4065.wav,street_music
1225.wav,children_playing
581.wav,dog_bark
3530.wav,engine_idling
4098.wav,air_conditioner
768.wav,siren
1178.wav,children_playing
8091.wav,air_conditioner
6924.wav,siren
6415.wav,dog_bark
4090.wav,drilling
4105.wav,dog_bark
4675.wav,engine_idling
6858.wav,dog_bark
1654.wav,siren
7945.wav,jackhammer
2704.wav,drilling
2136.wav,jackhammer
7230.wav,dog_bark
2088.wav,drilling
8642.wav,gun_shot
4108.wav,children_playing
1107.wav,children_playing
4939.wav,drilling
4967.wav,air_conditioner
7746.wav,jackhammer
5979.wav,children_playing
1005.wav,siren
7120.wav,street_music
3873.wav,jackhammer
5120.wav,dog_bark
5404.wav,siren
1221.wav,engine_idling
981.wav,jackhammer
5959.wav,jackhammer
2514.wav,drilling
7427.wav,dog_bark
2839.wav,siren
7912.wav,engine_idling
6787.wav,street_music
8165.wav,jackhammer
4841.wav,siren
3875.wav,children_playing
2471.wav,engine_idling
2990.wav,jackhammer
7502.wav,children_playing
7225.wav,children_playing
4949.wav,siren
2075.wav,engine_idling
3025.wav,engine_idling
1130.wav,dog_bark
3022.wav,street_music
6365.wav,car_horn
3217.wav,siren
1184.wav,jackhammer
2628.wav,drilling
3796.wav,air_conditioner
205.wav,street_music
107.wav,engine_idling
800.wav,engine_idling
7515.wav,air_conditioner
273.wav,gun_shot
895.wav,engine_idling
7698.wav,car_horn
1012.wav,jackhammer
3072.wav,street_music
30.wav,dog_bark
2967.wav,engine_idling
3100.wav,engine_idling
5392.wav,children_playing
1166.wav,dog_bark
1401.wav,engine_idling
2642.wav,car_horn
7811.wav,children_playing
1810.wav,dog_bark
7391.wav,dog_bark
2599.wav,air_conditioner
7034.wav,jackhammer
8269.wav,air_conditioner
448.wav,jackhammer
6695.wav,jackhammer
439.wav,children_playing
6430.wav,jackhammer
5753.wav,street_music
7047.wav,siren
4605.wav,children_playing
6904.wav,engine_idling
7281.wav,jackhammer
6828.wav,dog_bark
6048.wav,dog_bark
7704.wav,dog_bark
2554.wav,gun_shot
1234.wav,dog_bark
3084.wav,jackhammer
1781.wav,children_playing
8730.wav,dog_bark
3049.wav,jackhammer
496.wav,engine_idling
4052.wav,engine_idling
3904.wav,street_music
7477.wav,engine_idling
422.wav,children_playing
6669.wav,jackhammer
3166.wav,dog_bark
291.wav,dog_bark
3917.wav,air_conditioner
5208.wav,dog_bark
5164.wav,street_music
7394.wav,children_playing
8537.wav,gun_shot
2527.wav,children_playing
2207.wav,gun_shot
3814.wav,siren
6564.wav,jackhammer
7957.wav,jackhammer
7571.wav,air_conditioner
1434.wav,car_horn
1387.wav,jackhammer
6639.wav,jackhammer
4699.wav,air_conditioner
4802.wav,jackhammer
3427.wav,street_music
1102.wav,car_horn
4283.wav,jackhammer
521.wav,drilling
2973.wav,drilling
4310.wav,engine_idling
4219.wav,children_playing
7119.wav,engine_idling
3208.wav,gun_shot
3243.wav,jackhammer
2203.wav,drilling
6078.wav,siren
1568.wav,jackhammer
5298.wav,dog_bark
5920.wav,drilling
6267.wav,dog_bark
145.wav,engine_idling
4567.wav,engine_idling
2649.wav,jackhammer
6315.wav,jackhammer
1402.wav,gun_shot
416.wav,siren
5752.wav,jackhammer
3559.wav,air_conditioner
2888.wav,car_horn
6561.wav,air_conditioner
5651.wav,dog_bark
7533.wav,dog_bark
6184.wav,air_conditioner
3638.wav,dog_bark
508.wav,drilling
1658.wav,drilling
7254.wav,dog_bark
6257.wav,children_playing
8038.wav,children_playing
3961.wav,street_music
210.wav,gun_shot
4059.wav,children_playing
7666.wav,dog_bark
3039.wav,car_horn
2672.wav,jackhammer
5306.wav,engine_idling
4811.wav,siren
409.wav,dog_bark
1964.wav,street_music
7863.wav,children_playing
6373.wav,children_playing
6650.wav,siren
7089.wav,children_playing
3768.wav,dog_bark
5510.wav,engine_idling
5355.wav,drilling
8089.wav,engine_idling
2904.wav,children_playing
5575.wav,dog_bark
910.wav,street_music
4074.wav,engine_idling
3047.wav,street_music
627.wav,jackhammer
2895.wav,gun_shot
8179.wav,children_playing
2856.wav,engine_idling
2490.wav,children_playing
3031.wav,street_music
7413.wav,siren
2719.wav,drilling
6470.wav,siren
6102.wav,siren
1742.wav,jackhammer
2882.wav,dog_bark
6125.wav,drilling
4214.wav,dog_bark
2841.wav,children_playing
2693.wav,street_music
190.wav,drilling
2886.wav,jackhammer
920.wav,engine_idling
3212.wav,air_conditioner
8278.wav,engine_idling
5048.wav,jackhammer
2673.wav,engine_idling
2014.wav,siren
2391.wav,street_music
4538.wav,jackhammer
1539.wav,car_horn
3713.wav,air_conditioner
28.wav,jackhammer
1284.wav,street_music
4897.wav,car_horn
5197.wav,drilling
7238.wav,engine_idling
650.wav,drilling
5358.wav,dog_bark
6349.wav,jackhammer
8509.wav,siren
8206.wav,dog_bark
5131.wav,gun_shot
5467.wav,street_music
2565.wav,drilling
6702.wav,street_music
4944.wav,street_music
7545.wav,air_conditioner
6143.wav,children_playing
4817.wav,drilling
6613.wav,car_horn
2949.wav,street_music
649.wav,car_horn
5748.wav,street_music
3411.wav,drilling
961.wav,engine_idling
6207.wav,engine_idling
3424.wav,street_music
1793.wav,dog_bark
4173.wav,air_conditioner
8602.wav,dog_bark
294.wav,drilling
4031.wav,jackhammer
6627.wav,engine_idling
7667.wav,air_conditioner
4639.wav,drilling
240.wav,dog_bark
487.wav,jackhammer
3234.wav,engine_idling
262.wav,engine_idling
4656.wav,siren
7537.wav,siren
2146.wav,children_playing
274.wav,street_music
3366.wav,street_music
3222.wav,jackhammer
7102.wav,engine_idling
8619.wav,dog_bark
8342.wav,children_playing
1631.wav,children_playing
6168.wav,children_playing
5967.wav,jackhammer
8102.wav,drilling
3779.wav,car_horn
2589.wav,siren
5532.wav,engine_idling
3064.wav,air_conditioner
5657.wav,children_playing
3786.wav,dog_bark
8545.wav,engine_idling
3600.wav,street_music
6252.wav,dog_bark
5930.wav,air_conditioner
940.wav,street_music
7934.wav,drilling
5341.wav,siren
3958.wav,engine_idling
2551.wav,drilling
7583.wav,street_music
924.wav,gun_shot
4322.wav,dog_bark
638.wav,children_playing
6762.wav,gun_shot
2975.wav,dog_bark
8212.wav,engine_idling
939.wav,engine_idling
7283.wav,drilling
75.wav,air_conditioner
7789.wav,children_playing
1694.wav,siren
5030.wav,engine_idling
2451.wav,gun_shot
5408.wav,drilling
4544.wav,street_music
8316.wav,air_conditioner
7024.wav,gun_shot
5633.wav,air_conditioner
4194.wav,dog_bark
5812.wav,street_music
6713.wav,engine_idling
8159.wav,drilling
6890.wav,street_music
5551.wav,car_horn
6476.wav,gun_shot
6190.wav,siren
4624.wav,jackhammer
1790.wav,drilling
517.wav,jackhammer
5346.wav,street_music
2820.wav,children_playing
6093.wav,dog_bark
8400.wav,street_music
3502.wav,jackhammer
4309.wav,siren
1141.wav,drilling
2737.wav,engine_idling
8638.wav,siren
6686.wav,siren
5563.wav,air_conditioner
6972.wav,children_playing
4825.wav,drilling
5998.wav,siren
5939.wav,dog_bark
2999.wav,dog_bark
1798.wav,car_horn
1930.wav,gun_shot
903.wav,engine_idling
4402.wav,siren
2848.wav,jackhammer
1440.wav,engine_idling
949.wav,air_conditioner
2060.wav,drilling
789.wav,jackhammer
8530.wav,drilling
7273.wav,drilling
7056.wav,engine_idling
1260.wav,jackhammer
466.wav,children_playing
2046.wav,drilling
1934.wav,children_playing
2803.wav,street_music
3807.wav,jackhammer
7368.wav,engine_idling
8248.wav,drilling
546.wav,car_horn
7440.wav,siren
3019.wav,jackhammer
6218.wav,jackhammer
5457.wav,jackhammer
5007.wav,siren
767.wav,engine_idling
7889.wav,jackhammer
5703.wav,siren
4434.wav,siren
8132.wav,engine_idling
2809.wav,street_music
3831.wav,gun_shot
1756.wav,jackhammer
4109.wav,jackhammer
4479.wav,air_conditioner
241.wav,air_conditioner
4954.wav,siren
2675.wav,gun_shot
8672.wav,air_conditioner
7708.wav,children_playing
201.wav,children_playing
2280.wav,street_music
243.wav,drilling
1965.wav,engine_idling
2305.wav,drilling
5981.wav,engine_idling
4660.wav,street_music
774.wav,jackhammer
7732.wav,children_playing
6658.wav,street_music
1733.wav,jackhammer
5463.wav,dog_bark
5754.wav,jackhammer
8404.wav,drilling
6167.wav,gun_shot
2968.wav,siren
2068.wav,children_playing
6285.wav,jackhammer
4558.wav,dog_bark
3575.wav,engine_idling
7496.wav,drilling
5078.wav,air_conditioner
6238.wav,drilling
3876.wav,drilling
21.wav,children_playing
424.wav,drilling
745.wav,children_playing
5603.wav,dog_bark
6201.wav,drilling
5224.wav,street_music
3043.wav,street_music
7801.wav,air_conditioner
8087.wav,engine_idling
8222.wav,drilling
3253.wav,jackhammer
3175.wav,siren
3327.wav,children_playing
1136.wav,street_music
206.wav,street_music
1784.wav,gun_shot
8528.wav,dog_bark
2097.wav,siren
1721.wav,drilling
2406.wav,dog_bark
2392.wav,dog_bark
7772.wav,car_horn
4958.wav,dog_bark
2115.wav,jackhammer
4594.wav,engine_idling
6870.wav,gun_shot
3040.wav,dog_bark
7895.wav,engine_idling
5828.wav,dog_bark
2062.wav,dog_bark
2208.wav,gun_shot
8015.wav,dog_bark
8481.wav,children_playing
846.wav,drilling
3391.wav,engine_idling
4209.wav,jackhammer
2500.wav,jackhammer
1620.wav,dog_bark
2879.wav,car_horn
3952.wav,engine_idling
7229.wav,air_conditioner
2688.wav,engine_idling
6200.wav,children_playing
5401.wav,siren
505.wav,children_playing
6978.wav,drilling
5913.wav,jackhammer
1095.wav,jackhammer
4284.wav,drilling
5203.wav,jackhammer
8550.wav,jackhammer
8136.wav,children_playing
4494.wav,jackhammer
1671.wav,dog_bark
6988.wav,siren
3386.wav,dog_bark
5430.wav,air_conditioner
6952.wav,siren
7823.wav,drilling
6799.wav,jackhammer
4670.wav,jackhammer
3912.wav,street_music
1212.wav,drilling
3193.wav,siren
6833.wav,gun_shot
1354.wav,street_music
41.wav,dog_bark
7288.wav,children_playing
2777.wav,dog_bark
8645.wav,children_playing
3908.wav,street_music
1153.wav,jackhammer
1888.wav,siren
8702.wav,engine_idling
2436.wav,children_playing
5335.wav,children_playing
7534.wav,jackhammer
3722.wav,street_music
3372.wav,street_music
6873.wav,street_music
25.wav,siren
3377.wav,gun_shot
8339.wav,dog_bark
5868.wav,children_playing
5795.wav,drilling
7464.wav,air_conditioner
3743.wav,engine_idling
421.wav,street_music
2724.wav,jackhammer
1190.wav,siren
5656.wav,air_conditioner
6045.wav,engine_idling
6593.wav,jackhammer
4407.wav,jackhammer
4330.wav,children_playing
1723.wav,air_conditioner
8098.wav,gun_shot
2753.wav,dog_bark
5153.wav,children_playing
4423.wav,jackhammer
2370.wav,children_playing
5014.wav,dog_bark
1359.wav,air_conditioner
6398.wav,engine_idling
6429.wav,jackhammer
7363.wav,drilling
6567.wav,jackhammer
877.wav,children_playing
2861.wav,dog_bark
2289.wav,dog_bark
3142.wav,dog_bark
1453.wav,jackhammer
3953.wav,engine_idling
6539.wav,car_horn
5261.wav,street_music
6037.wav,children_playing
2167.wav,drilling
3867.wav,dog_bark
5231.wav,children_playing
837.wav,jackhammer
879.wav,engine_idling
8134.wav,engine_idling
7098.wav,engine_idling
3874.wav,street_music
5139.wav,air_conditioner
888.wav,jackhammer
3245.wav,children_playing
2175.wav,air_conditioner
2261.wav,children_playing
1880.wav,jackhammer
389.wav,engine_idling
786.wav,dog_bark
3498.wav,gun_shot
4496.wav,engine_idling
1505.wav,car_horn
5834.wav,siren
290.wav,dog_bark
7799.wav,dog_bark
8196.wav,engine_idling
3797.wav,air_conditioner
1657.wav,air_conditioner
1846.wav,air_conditioner
5238.wav,car_horn
2472.wav,dog_bark
7444.wav,drilling
902.wav,children_playing
13.wav,children_playing
2092.wav,street_music
6495.wav,jackhammer
8054.wav,drilling
6894.wav,engine_idling
2361.wav,car_horn
3203.wav,car_horn
3565.wav,jackhammer
6307.wav,dog_bark
420.wav,air_conditioner
3506.wav,street_music
4354.wav,children_playing
1504.wav,siren
4987.wav,engine_idling
8573.wav,jackhammer
2655.wav,jackhammer
2285.wav,engine_idling
1213.wav,air_conditioner
8622.wav,drilling
4398.wav,dog_bark
4484.wav,dog_bark
1638.wav,street_music
8341.wav,gun_shot
69.wav,street_music
637.wav,engine_idling
4797.wav,engine_idling
4385.wav,siren
8041.wav,engine_idling
2537.wav,children_playing
1340.wav,children_playing
2274.wav,children_playing
5303.wav,air_conditioner
5256.wav,street_music
5541.wav,car_horn
8240.wav,siren
1424.wav,jackhammer
5993.wav,jackhammer
3346.wav,siren
7668.wav,drilling
3309.wav,children_playing
1939.wav,street_music
3699.wav,air_conditioner
3964.wav,drilling
110.wav,dog_bark
6874.wav,engine_idling
5446.wav,children_playing
8426.wav,dog_bark
1495.wav,street_music
6678.wav,jackhammer
7422.wav,children_playing
373.wav,street_music
7903.wav,children_playing
8375.wav,engine_idling
795.wav,jackhammer
3210.wav,street_music
2617.wav,jackhammer
4533.wav,children_playing
7632.wav,engine_idling
4691.wav,dog_bark
1857.wav,children_playing
5679.wav,siren
1172.wav,engine_idling
4621.wav,siren
1050.wav,dog_bark
7300.wav,children_playing
1288.wav,children_playing
3976.wav,street_music
2923.wav,engine_idling
3865.wav,air_conditioner
6073.wav,engine_idling
7717.wav,jackhammer
8374.wav,car_horn
5517.wav,gun_shot
1420.wav,siren
3393.wav,gun_shot
4007.wav,jackhammer
7183.wav,siren
4376.wav,gun_shot
2147.wav,engine_idling
51.wav,drilling
6756.wav,siren
4195.wav,car_horn
2222.wav,siren
5274.wav,air_conditioner
7325.wav,children_playing
1309.wav,air_conditioner
2749.wav,children_playing
7937.wav,jackhammer
6953.wav,street_music
8320.wav,drilling
4315.wav,street_music
3553.wav,engine_idling
3757.wav,dog_bark
7246.wav,siren
2189.wav,air_conditioner
1348.wav,dog_bark
5785.wav,engine_idling
4957.wav,dog_bark
3935.wav,dog_bark
5648.wav,siren
2874.wav,street_music
823.wav,children_playing
3557.wav,children_playing
7877.wav,drilling
225.wav,jackhammer
2065.wav,engine_idling
3605.wav,children_playing
2947.wav,children_playing
6166.wav,siren
4935.wav,engine_idling
5317.wav,dog_bark
7043.wav,drilling
7435.wav,children_playing
6465.wav,jackhammer
434.wav,engine_idling
5363.wav,street_music
85.wav,air_conditioner
5803.wav,engine_idling
7267.wav,engine_idling
8039.wav,street_music
6541.wav,children_playing
5632.wav,street_music
4025.wav,children_playing
4387.wav,dog_bark
6225.wav,drilling
4608.wav,engine_idling
2796.wav,gun_shot
6075.wav,dog_bark
8394.wav,dog_bark
6060.wav,car_horn
1274.wav,children_playing
756.wav,car_horn
5093.wav,engine_idling
1084.wav,street_music
8040.wav,drilling
443.wav,street_music
4998.wav,air_conditioner
2234.wav,street_music
4020.wav,street_music
8170.wav,jackhammer
5008.wav,siren
5166.wav,dog_bark
2326.wav,street_music
1995.wav,drilling
1759.wav,street_music
5581.wav,dog_bark
3295.wav,street_music
5276.wav,dog_bark
3057.wav,children_playing
1406.wav,dog_bark
4088.wav,street_music
379.wav,engine_idling
5738.wav,siren
3795.wav,car_horn
1375.wav,children_playing
5150.wav,engine_idling
4008.wav,dog_bark
5516.wav,dog_bark
7393.wav,air_conditioner
731.wav,jackhammer
469.wav,engine_idling
2263.wav,engine_idling
3048.wav,jackhammer
8291.wav,drilling
7947.wav,street_music
156.wav,jackhammer
2482.wav,engine_idling
6383.wav,children_playing
129.wav,children_playing
3252.wav,children_playing
1931.wav,car_horn
6930.wav,dog_bark
3730.wav,dog_bark
4150.wav,car_horn
7691.wav,engine_idling
2822.wav,air_conditioner
6503.wav,dog_bark
4979.wav,street_music
6482.wav,children_playing
4719.wav,drilling
1223.wav,dog_bark
675.wav,street_music
2533.wav,children_playing
4060.wav,air_conditioner
5179.wav,children_playing
3594.wav,dog_bark
5911.wav,street_music
5337.wav,children_playing
647.wav,drilling
5366.wav,drilling
463.wav,engine_idling
3767.wav,dog_bark
5972.wav,children_playing
1788.wav,dog_bark
7991.wav,street_music
5970.wav,drilling
7208.wav,children_playing
3247.wav,children_playing
6106.wav,siren
5123.wav,street_music
628.wav,engine_idling
4410.wav,engine_idling
6941.wav,drilling
4975.wav,engine_idling
5194.wav,dog_bark
1211.wav,street_music
6834.wav,dog_bark
6785.wav,drilling
1194.wav,drilling
3287.wav,drilling
8563.wav,dog_bark
6330.wav,air_conditioner
4116.wav,drilling
5282.wav,children_playing
2076.wav,air_conditioner
7355.wav,gun_shot
5419.wav,air_conditioner
8372.wav,children_playing
1541.wav,jackhammer
2435.wav,siren
5240.wav,air_conditioner
3971.wav,car_horn
6697.wav,gun_shot
3593.wav,jackhammer
3832.wav,jackhammer
3114.wav,dog_bark
2761.wav,siren
4560.wav,dog_bark
7219.wav,jackhammer
1204.wav,children_playing
3067.wav,dog_bark
4586.wav,siren
7318.wav,street_music
141.wav,children_playing
6105.wav,gun_shot
1268.wav,drilling
8405.wav,air_conditioner
5230.wav,siren
4213.wav,drilling
4082.wav,drilling
3727.wav,street_music
6275.wav,air_conditioner
127.wav,children_playing
133.wav,engine_idling
4211.wav,jackhammer
4565.wav,dog_bark
2772.wav,engine_idling
3562.wav,drilling
6458.wav,car_horn
7453.wav,jackhammer
4773.wav,children_playing
5729.wav,drilling
4969.wav,jackhammer
7621.wav,car_horn
1138.wav,drilling
8608.wav,street_music
8349.wav,dog_bark
8113.wav,children_playing
6617.wav,car_horn
2417.wav,dog_bark
2400.wav,gun_shot
4600.wav,siren
1642.wav,engine_idling
2298.wav,drilling
5747.wav,dog_bark
5061.wav,air_conditioner
1164.wav,engine_idling
5630.wav,children_playing
4757.wav,dog_bark
384.wav,engine_idling
3552.wav,siren
5425.wav,jackhammer
1596.wav,dog_bark
7716.wav,dog_bark
5500.wav,street_music
4626.wav,siren
7491.wav,air_conditioner
1324.wav,siren
2731.wav,engine_idling
4808.wav,siren
7182.wav,drilling
4342.wav,children_playing
994.wav,dog_bark
806.wav,air_conditioner
3119.wav,street_music
2248.wav,siren
1416.wav,siren
4345.wav,air_conditioner
6250.wav,gun_shot
1165.wav,air_conditioner
1291.wav,engine_idling
574.wav,dog_bark
5531.wav,air_conditioner
1011.wav,dog_bark
1201.wav,jackhammer
7815.wav,jackhammer
8633.wav,jackhammer
5836.wav,engine_idling
4915.wav,drilling
5468.wav,street_music
8480.wav,engine_idling
2748.wav,dog_bark
6622.wav,dog_bark
3450.wav,engine_idling
8138.wav,drilling
5777.wav,car_horn
2011.wav,air_conditioner
7661.wav,jackhammer
530.wav,drilling
4113.wav,dog_bark
94.wav,engine_idling
3053.wav,street_music
4298.wav,children_playing
6302.wav,engine_idling
2058.wav,dog_bark
1073.wav,car_horn
8398.wav,drilling
6806.wav,car_horn
2734.wav,street_music
5776.wav,car_horn
797.wav,dog_bark
1344.wav,jackhammer
8541.wav,jackhammer
3313.wav,dog_bark
7135.wav,car_horn
682.wav,street_music
1507.wav,dog_bark
6594.wav,car_horn
535.wav,dog_bark
4177.wav,children_playing
4355.wav,children_playing
640.wav,dog_bark
8574.wav,engine_idling
723.wav,jackhammer
3090.wav,drilling
592.wav,jackhammer
3862.wav,gun_shot
8304.wav,siren
7058.wav,dog_bark
7906.wav,drilling
3858.wav,engine_idling
1582.wav,air_conditioner
8109.wav,street_music
3447.wav,drilling
1372.wav,engine_idling
6428.wav,children_playing
4936.wav,drilling
3576.wav,street_music
6905.wav,engine_idling
5749.wav,dog_bark
39.wav,engine_idling
5145.wav,street_music
777.wav,dog_bark
793.wav,drilling
8631.wav,gun_shot
7797.wav,street_music
2393.wav,air_conditioner
3463.wav,siren
4318.wav,engine_idling
1543.wav,jackhammer
8490.wav,air_conditioner
5606.wav,jackhammer
4414.wav,jackhammer
433.wav,dog_bark
4147.wav,dog_bark
1487.wav,siren
577.wav,dog_bark
6419.wav,children_playing
144.wav,children_playing
4615.wav,jackhammer
3029.wav,dog_bark
3224.wav,engine_idling
7188.wav,drilling
4771.wav,engine_idling
3468.wav,engine_idling
2086.wav,jackhammer
3949.wav,gun_shot
53.wav,street_music
1002.wav,car_horn
3007.wav,engine_idling
7816.wav,siren
8680.wav,engine_idling
2158.wav,jackhammer
1758.wav,dog_bark
2348.wav,gun_shot
808.wav,jackhammer
8312.wav,jackhammer
7173.wav,jackhammer
2859.wav,children_playing
4524.wav,dog_bark
6385.wav,jackhammer
3249.wav,dog_bark
5388.wav,car_horn
3255.wav,drilling
5727.wav,street_music
8696.wav,air_conditioner
1594.wav,car_horn
3957.wav,air_conditioner
2778.wav,children_playing
3780.wav,siren
6356.wav,engine_idling
6062.wav,dog_bark
2629.wav,gun_shot
1362.wav,children_playing
2385.wav,jackhammer
4275.wav,jackhammer
2005.wav,siren
8601.wav,street_music
2469.wav,children_playing
6223.wav,siren
8668.wav,jackhammer
2621.wav,drilling
4221.wav,engine_idling
5647.wav,dog_bark
4638.wav,dog_bark
8402.wav,jackhammer
6399.wav,car_horn
1103.wav,air_conditioner
6673.wav,engine_idling
8561.wav,jackhammer
6384.wav,air_conditioner
5126.wav,street_music
3421.wav,engine_idling
6538.wav,car_horn
1227.wav,gun_shot
122.wav,jackhammer
3667.wav,engine_idling
4779.wav,engine_idling
2535.wav,street_music
102.wav,jackhammer
5091.wav,dog_bark
298.wav,dog_bark
5831.wav,siren
3107.wav,jackhammer
3341.wav,dog_bark
1691.wav,children_playing
8292.wav,jackhammer
6789.wav,air_conditioner
8255.wav,dog_bark
3385.wav,drilling
2977.wav,street_music
8533.wav,air_conditioner
8456.wav,drilling
6612.wav,air_conditioner
7071.wav,engine_idling
6704.wav,dog_bark
5464.wav,siren
5115.wav,drilling
4153.wav,street_music
8634.wav,children_playing
5898.wav,siren
3044.wav,engine_idling
5737.wav,drilling
2114.wav,jackhammer
2365.wav,dog_bark
231.wav,children_playing
7973.wav,children_playing
4455.wav,children_playing
6705.wav,air_conditioner
6499.wav,car_horn
3527.wav,air_conditioner
1369.wav,drilling
2938.wav,siren
1229.wav,street_music
5124.wav,siren
822.wav,drilling
2486.wav,drilling
7045.wav,dog_bark
3845.wav,drilling
3158.wav,engine_idling
1060.wav,car_horn
6128.wav,street_music
5622.wav,engine_idling
5938.wav,engine_idling
2566.wav,engine_idling
7654.wav,siren
2328.wav,air_conditioner
852.wav,siren
2496.wav,drilling
2630.wav,siren
5646.wav,street_music
880.wav,jackhammer
2852.wav,engine_idling
2919.wav,street_music
2143.wav,engine_idling
2213.wav,siren
4477.wav,children_playing
7164.wav,street_music
5083.wav,engine_idling
4202.wav,dog_bark
3228.wav,jackhammer
6281.wav,jackhammer
8.wav,car_horn
6885.wav,children_playing
696.wav,car_horn
536.wav,street_music
8218.wav,dog_bark
7165.wav,engine_idling
782.wav,car_horn
5439.wav,jackhammer
6796.wav,children_playing
3041.wav,street_music
6325.wav,children_playing
7350.wav,dog_bark
7474.wav,children_playing
6588.wav,drilling
7894.wav,drilling
2476.wav,street_music
2979.wav,children_playing
3692.wav,car_horn
2085.wav,jackhammer
3673.wav,children_playing
4507.wav,jackhammer
2663.wav,air_conditioner
2970.wav,jackhammer
8242.wav,drilling
1199.wav,siren
7647.wav,drilling
6388.wav,jackhammer
3374.wav,dog_bark
5184.wav,siren
5.wav,engine_idling
3636.wav,engine_idling
2245.wav,engine_idling
1712.wav,drilling
5573.wav,street_music
1313.wav,jackhammer
6064.wav,drilling
5550.wav,engine_idling
769.wav,drilling
7714.wav,jackhammer
5041.wav,dog_bark
8439.wav,children_playing
5849.wav,street_music
4339.wav,car_horn
7167.wav,drilling
5286.wav,engine_idling
3035.wav,street_music
5591.wav,street_music
2894.wav,children_playing
1170.wav,engine_idling
7044.wav,gun_shot
4597.wav,jackhammer
6605.wav,street_music
256.wav,children_playing
6586.wav,engine_idling
5782.wav,jackhammer
4167.wav,gun_shot
779.wav,dog_bark
8567.wav,air_conditioner
3829.wav,jackhammer
815.wav,dog_bark
1108.wav,air_conditioner
1109.wav,jackhammer
1860.wav,siren
5204.wav,engine_idling
8592.wav,drilling
1484.wav,engine_idling
5054.wav,engine_idling
3348.wav,dog_bark
3342.wav,dog_bark
3716.wav,street_music
2712.wav,children_playing
588.wav,children_playing
1887.wav,children_playing
3290.wav,jackhammer
7351.wav,car_horn
2958.wav,engine_idling
2868.wav,dog_bark
4711.wav,children_playing
106.wav,children_playing
296.wav,car_horn
73.wav,jackhammer
5449.wav,street_music
7090.wav,gun_shot
5367.wav,drilling
4893.wav,engine_idling
6805.wav,drilling
2768.wav,air_conditioner
8363.wav,engine_idling
3410.wav,children_playing
5006.wav,dog_bark
1114.wav,jackhammer
3897.wav,drilling
1426.wav,drilling
5478.wav,street_music
2074.wav,street_music
976.wav,engine_idling
935.wav,jackhammer
4357.wav,dog_bark
5956.wav,drilling
2093.wav,siren
5946.wav,children_playing
4710.wav,jackhammer
3950.wav,jackhammer
2350.wav,dog_bark
4187.wav,children_playing
3922.wav,air_conditioner
7420.wav,dog_bark
2683.wav,jackhammer
95.wav,children_playing
3137.wav,jackhammer
5708.wav,dog_bark
741.wav,drilling
3581.wav,children_playing
6065.wav,jackhammer
6577.wav,jackhammer
4373.wav,engine_idling
2044.wav,children_playing
1016.wav,siren
6312.wav,jackhammer
4176.wav,car_horn
1617.wav,gun_shot
1407.wav,children_playing
7852.wav,jackhammer
6843.wav,dog_bark
1609.wav,children_playing
7402.wav,street_music
4977.wav,gun_shot
7606.wav,air_conditioner
8629.wav,jackhammer
2039.wav,children_playing
111.wav,drilling
3793.wav,jackhammer
6000.wav,jackhammer
3340.wav,dog_bark
4237.wav,dog_bark
6316.wav,street_music
4603.wav,gun_shot
1685.wav,siren
708.wav,car_horn
5838.wav,engine_idling
7950.wav,car_horn
8245.wav,jackhammer
4550.wav,children_playing
6352.wav,drilling
1587.wav,street_music
7134.wav,air_conditioner
4488.wav,children_playing
7466.wav,dog_bark
6425.wav,siren
2296.wav,engine_idling
5215.wav,jackhammer
6110.wav,dog_bark
3265.wav,street_music
526.wav,children_playing
1764.wav,children_playing
3570.wav,gun_shot
788.wav,gun_shot
14.wav,engine_idling
3937.wav,car_horn
2656.wav,dog_bark
3405.wav,street_music
2356.wav,street_music
2352.wav,drilling
4687.wav,jackhammer
1159.wav,drilling
6927.wav,air_conditioner
5479.wav,car_horn
6390.wav,drilling
4033.wav,children_playing
8355.wav,street_music
96.wav,air_conditioner
5393.wav,siren
1743.wav,street_music
7011.wav,dog_bark
6289.wav,drilling
8235.wav,children_playing
3280.wav,dog_bark
1821.wav,street_music
7760.wav,children_playing
1075.wav,jackhammer
8362.wav,drilling
5878.wav,air_conditioner
7564.wav,children_playing
736.wav,children_playing
7701.wav,dog_bark
8623.wav,street_music
1823.wav,engine_idling
7335.wav,jackhammer
6024.wav,car_horn
6615.wav,air_conditioner
4951.wav,dog_bark
2633.wav,air_conditioner
2727.wav,street_music
4809.wav,drilling
1646.wav,dog_bark
108.wav,car_horn
2320.wav,car_horn
6485.wav,street_music
3541.wav,street_music
3913.wav,car_horn
5396.wav,drilling
4340.wav,drilling
220.wav,air_conditioner
5608.wav,street_music
8005.wav,jackhammer
7433.wav,dog_bark
5490.wav,air_conditioner
8275.wav,street_music
8157.wav,children_playing
1961.wav,jackhammer
6532.wav,street_music
7902.wav,children_playing
279.wav,drilling
8290.wav,gun_shot
4471.wav,children_playing
5743.wav,street_music
7640.wav,engine_idling
1064.wav,street_music
7885.wav,jackhammer
7923.wav,street_music
70.wav,children_playing
1247.wav,dog_bark
5036.wav,jackhammer
4546.wav,jackhammer
441.wav,air_conditioner
5471.wav,children_playing
7357.wav,gun_shot
1031.wav,engine_idling
8591.wav,gun_shot
5884.wav,children_playing
3426.wav,jackhammer
3931.wav,jackhammer
4048.wav,drilling
5604.wav,drilling
6057.wav,jackhammer
4849.wav,street_music
6433.wav,street_music
818.wav,car_horn
5792.wav,engine_idling
6178.wav,children_playing
8504.wav,dog_bark
3241.wav,children_playing
6246.wav,dog_bark
672.wav,engine_idling
1173.wav,jackhammer
6228.wav,street_music
7334.wav,children_playing
707.wav,engine_idling
5674.wav,children_playing
1559.wav,dog_bark
1885.wav,siren
3511.wav,jackhammer
7511.wav,street_music
2810.wav,engine_idling
3810.wav,siren
7960.wav,engine_idling
2877.wav,street_music
4063.wav,dog_bark
4212.wav,air_conditioner
3690.wav,dog_bark
6401.wav,gun_shot
4343.wav,street_music
5102.wav,drilling
7038.wav,jackhammer
7851.wav,drilling
5020.wav,jackhammer
944.wav,street_music
5584.wav,jackhammer
5853.wav,children_playing
3769.wav,engine_idling
5675.wav,gun_shot
4838.wav,street_music
969.wav,air_conditioner
7866.wav,jackhammer
1163.wav,gun_shot
8600.wav,siren
2467.wav,gun_shot
1969.wav,drilling
5685.wav,air_conditioner
5686.wav,air_conditioner
4859.wav,engine_idling
8455.wav,children_playing
2288.wav,siren
3339.wav,drilling
4047.wav,jackhammer
207.wav,air_conditioner
5026.wav,jackhammer
4814.wav,gun_shot
150.wav,engine_idling
31.wav,engine_idling
5793.wav,drilling
2283.wav,street_music
5482.wav,air_conditioner
7237.wav,siren
2906.wav,dog_bark
2021.wav,jackhammer
2583.wav,siren
4508.wav,gun_shot
7342.wav,siren
16.wav,jackhammer
1985.wav,gun_shot
34.wav,street_music
7773.wav,siren
1482.wav,car_horn
4026.wav,engine_idling
7608.wav,engine_idling
5451.wav,street_music
7373.wav,drilling
1343.wav,gun_shot
3809.wav,street_music
1907.wav,engine_idling
6492.wav,jackhammer
1411.wav,drilling
6801.wav,air_conditioner
7023.wav,street_music
5496.wav,street_music
4259.wav,air_conditioner
5579.wav,gun_shot
1797.wav,street_music
5821.wav,siren
8083.wav,gun_shot
1740.wav,dog_bark
4141.wav,jackhammer
8066.wav,engine_idling
2985.wav,street_music
6067.wav,children_playing
1392.wav,engine_idling
1197.wav,dog_bark
3701.wav,engine_idling
5155.wav,dog_bark
2767.wav,children_playing
4051.wav,siren
1094.wav,children_playing
4505.wav,engine_idling
6718.wav,dog_bark
4321.wav,drilling
4258.wav,engine_idling
3578.wav,dog_bark
3183.wav,jackhammer
3256.wav,drilling
6221.wav,children_playing
5469.wav,jackhammer
5975.wav,dog_bark
2508.wav,air_conditioner
8686.wav,drilling
6601.wav,jackhammer
4233.wav,jackhammer
4360.wav,drilling
4132.wav,car_horn
7050.wav,jackhammer
4929.wav,street_music
7103.wav,dog_bark
5372.wav,dog_bark
7181.wav,dog_bark
257.wav,gun_shot
155.wav,air_conditioner
6663.wav,children_playing
7411.wav,dog_bark
6410.wav,car_horn
4831.wav,air_conditioner
375.wav,dog_bark
6182.wav,street_music
1804.wav,dog_bark
1117.wav,drilling
3282.wav,jackhammer
3761.wav,dog_bark
7434.wav,jackhammer
6421.wav,siren
6540.wav,air_conditioner
259.wav,air_conditioner
7339.wav,jackhammer
151.wav,drilling
8051.wav,engine_idling
781.wav,dog_bark
2908.wav,dog_bark
701.wav,street_music
5636.wav,street_music
3748.wav,air_conditioner
2853.wav,dog_bark
6598.wav,drilling
1645.wav,street_music
1953.wav,air_conditioner
2257.wav,engine_idling
2504.wav,drilling
1207.wav,jackhammer
2211.wav,street_music
7590.wav,jackhammer
8413.wav,dog_bark
3356.wav,drilling
974.wav,air_conditioner
3899.wav,street_music
6280.wav,air_conditioner
5781.wav,dog_bark
5696.wav,dog_bark
8214.wav,children_playing
8026.wav,siren
6269.wav,air_conditioner
3715.wav,dog_bark
7540.wav,jackhammer
2812.wav,jackhammer
4579.wav,drilling
2221.wav,engine_idling
1331.wav,jackhammer
1726.wav,street_music
4329.wav,children_playing
7261.wav,siren
1900.wav,car_horn
6533.wav,street_music
5899.wav,air_conditioner
7808.wav,car_horn
6591.wav,jackhammer
3263.wav,engine_idling
4294.wav,children_playing
6951.wav,gun_shot
5161.wav,engine_idling
7123.wav,children_playing
7752.wav,siren
1811.wav,street_music
1665.wav,dog_bark
3494.wav,jackhammer
5009.wav,jackhammer
4144.wav,street_music
2006.wav,engine_idling
1455.wav,engine_idling
3005.wav,street_music
6254.wav,dog_bark
1456.wav,gun_shot
993.wav,jackhammer
6876.wav,gun_shot
2271.wav,dog_bark
8006.wav,children_playing
3825.wav,jackhammer
8010.wav,drilling
7097.wav,air_conditioner
6042.wav,children_playing
8671.wav,engine_idling
936.wav,dog_bark
7301.wav,air_conditioner
3002.wav,dog_bark
4223.wav,siren
3083.wav,drilling
3141.wav,children_playing
4720.wav,jackhammer
2782.wav,dog_bark
3817.wav,children_playing
6157.wav,jackhammer
7841.wav,jackhammer
7117.wav,gun_shot
2242.wav,engine_idling
2367.wav,engine_idling
5296.wav,dog_bark
177.wav,drilling
6242.wav,jackhammer
5809.wav,engine_idling
4152.wav,siren
6897.wav,street_music
2034.wav,engine_idling
6126.wav,children_playing
8408.wav,engine_idling
641.wav,dog_bark
7834.wav,air_conditioner
2317.wav,dog_bark
2786.wav,children_playing
5538.wav,children_playing
3184.wav,siren
173.wav,jackhammer
6582.wav,engine_idling
5066.wav,siren
2292.wav,street_music
7628.wav,street_music
3852.wav,car_horn
499.wav,children_playing
3023.wav,engine_idling
1154.wav,dog_bark
5260.wav,children_playing
1522.wav,engine_idling
2540.wav,drilling
2735.wav,drilling
8082.wav,children_playing
7798.wav,car_horn
2866.wav,siren
7365.wav,jackhammer
3269.wav,street_music
4404.wav,street_music
9.wav,dog_bark
6859.wav,jackhammer
2407.wav,drilling
1942.wav,drilling
4061.wav,car_horn
7549.wav,dog_bark
7186.wav,dog_bark
8697.wav,siren
4983.wav,drilling
8123.wav,air_conditioner
5167.wav,siren
8186.wav,children_playing
6147.wav,children_playing
6400.wav,engine_idling
6581.wav,jackhammer
6301.wav,children_playing
4157.wav,dog_bark
5105.wav,drilling
4982.wav,street_music
1577.wav,siren
1171.wav,street_music
8669.wav,siren
6032.wav,air_conditioner
7859.wav,car_horn
3856.wav,car_horn
5258.wav,dog_bark
7299.wav,dog_bark
3872.wav,children_playing
7832.wav,jackhammer
2120.wav,drilling
5111.wav,children_playing
1020.wav,siren
5830.wav,engine_idling
5620.wav,dog_bark
4709.wav,siren
8606.wav,dog_bark
8572.wav,dog_bark
967.wav,car_horn
3572.wav,siren
2015.wav,air_conditioner
7693.wav,car_horn
4469.wav,engine_idling
6299.wav,engine_idling
3408.wav,drilling
7616.wav,car_horn
608.wav,street_music
5143.wav,street_music
1215.wav,siren
7158.wav,street_music
4815.wav,dog_bark
6006.wav,gun_shot
6743.wav,drilling
2286.wav,siren
7559.wav,engine_idling
4053.wav,children_playing
4304.wav,street_music
7728.wav,street_music
8326.wav,siren
6362.wav,siren
5485.wav,children_playing
1476.wav,car_horn
3980.wav,street_music
7021.wav,drilling
6273.wav,drilling
8423.wav,drilling
6043.wav,jackhammer
6784.wav,siren
7286.wav,jackhammer
1486.wav,children_playing
1123.wav,jackhammer
5555.wav,children_playing
1233.wav,dog_bark
2315.wav,street_music
8003.wav,jackhammer
1851.wav,drilling
7630.wav,drilling
7731.wav,car_horn
5379.wav,siren
2806.wav,jackhammer
4036.wav,jackhammer
3974.wav,siren
4576.wav,dog_bark
1928.wav,engine_idling
582.wav,dog_bark
5252.wav,street_music
8555.wav,jackhammer
775.wav,street_music
4016.wav,street_music
2346.wav,siren
4517.wav,street_music
7887.wav,street_music
5024.wav,jackhammer
7527.wav,air_conditioner
6809.wav,gun_shot
503.wav,siren
866.wav,street_music
715.wav,air_conditioner
6657.wav,car_horn
8551.wav,engine_idling
345.wav,engine_idling
6867.wav,street_music
3487.wav,street_music
5325.wav,jackhammer
3977.wav,street_music
1169.wav,children_playing
6439.wav,engine_idling
7498.wav,engine_idling
29.wav,car_horn
7125.wav,children_playing
1990.wav,air_conditioner
4520.wav,children_playing
678.wav,drilling
7649.wav,car_horn
5470.wav,jackhammer
8348.wav,street_music
2255.wav,children_playing
7492.wav,air_conditioner
58.wav,engine_idling
1692.wav,air_conditioner
8141.wav,children_playing
8647.wav,jackhammer
617.wav,jackhammer
6751.wav,jackhammer
8415.wav,dog_bark
847.wav,children_playing
2397.wav,siren
4816.wav,children_playing
5163.wav,children_playing
398.wav,jackhammer
1263.wav,drilling
7526.wav,children_playing
1912.wav,jackhammer
4037.wav,dog_bark
5330.wav,street_music
7878.wav,engine_idling
1984.wav,dog_bark
5595.wav,street_music
8063.wav,jackhammer
1196.wav,street_music
6494.wav,gun_shot
6240.wav,engine_idling
265.wav,jackhammer
5568.wav,street_music
1379.wav,drilling
1441.wav,jackhammer
4644.wav,drilling
302.wav,drilling
5923.wav,drilling
6028.wav,children_playing
2457.wav,siren
2844.wav,jackhammer
405.wav,street_music
8328.wav,air_conditioner
2266.wav,drilling
1035.wav,siren
931.wav,street_music
1824.wav,air_conditioner
1668.wav,car_horn
5667.wav,siren
1954.wav,siren
3149.wav,street_music
465.wav,jackhammer
8340.wav,jackhammer
1861.wav,dog_bark
399.wav,air_conditioner
7304.wav,air_conditioner
4035.wav,engine_idling
7591.wav,dog_bark
8045.wav,drilling
7348.wav,street_music
1281.wav,drilling
1086.wav,street_music
4264.wav,siren
2602.wav,jackhammer
8001.wav,jackhammer
1439.wav,jackhammer
161.wav,gun_shot
725.wav,children_playing
2692.wav,jackhammer
5080.wav,gun_shot
6396.wav,gun_shot
4466.wav,jackhammer
8336.wav,gun_shot
4377.wav,engine_idling
3835.wav,gun_shot
1835.wav,dog_bark
7314.wav,children_playing
6980.wav,siren
6176.wav,air_conditioner
3804.wav,street_music
3812.wav,street_music
5843.wav,siren
763.wav,engine_idling
1208.wav,jackhammer
3631.wav,engine_idling
3116.wav,gun_shot
3815.wav,air_conditioner
1902.wav,siren
4261.wav,dog_bark
3274.wav,drilling
4551.wav,street_music
4941.wav,drilling
1981.wav,children_playing
3076.wav,air_conditioner
2816.wav,drilling
2030.wav,dog_bark
5387.wav,drilling
3113.wav,drilling
982.wav,jackhammer
7812.wav,dog_bark
6150.wav,dog_bark
5805.wav,children_playing
1655.wav,dog_bark
180.wav,air_conditioner
4409.wav,engine_idling
64.wav,drilling
8237.wav,air_conditioner
478.wav,street_music
4885.wav,jackhammer
6936.wav,jackhammer
4124.wav,engine_idling
481.wav,dog_bark
3616.wav,jackhammer
2518.wav,dog_bark
4564.wav,children_playing
2153.wav,street_music
8343.wav,air_conditioner
550.wav,jackhammer
5861.wav,children_playing
195.wav,dog_bark
4156.wav,dog_bark
7312.wav,street_music
7905.wav,street_music
6192.wav,dog_bark
8418.wav,drilling
667.wav,engine_idling
5012.wav,siren
2381.wav,air_conditioner
3991.wav,air_conditioner
7486.wav,siren
8577.wav,street_music
700.wav,street_music
5552.wav,gun_shot
8288.wav,children_playing
514.wav,jackhammer
7962.wav,engine_idling
4043.wav,dog_bark
842.wav,children_playing
3490.wav,engine_idling
2481.wav,drilling
2941.wav,air_conditioner
4112.wav,jackhammer
404.wav,street_music
7296.wav,drilling
4347.wav,siren
1010.wav,dog_bark
1576.wav,engine_idling
1250.wav,drilling
3079.wav,street_music
1989.wav,jackhammer
6501.wav,drilling
3448.wav,siren
1815.wav,drilling
6036.wav,drilling
861.wav,children_playing
7092.wav,drilling
2166.wav,engine_idling
4856.wav,dog_bark
8023.wav,dog_bark
6069.wav,children_playing
1595.wav,children_playing
6397.wav,drilling
5410.wav,dog_bark
1683.wav,drilling
4465.wav,jackhammer
98.wav,dog_bark
7562.wav,children_playing
4519.wav,engine_idling
5242.wav,gun_shot
7371.wav,jackhammer
3315.wav,jackhammer
3111.wav,engine_idling
563.wav,jackhammer
1293.wav,jackhammer
6720.wav,siren
856.wav,dog_bark
6251.wav,jackhammer
5474.wav,gun_shot
5677.wav,jackhammer
1093.wav,gun_shot
5137.wav,engine_idling
6989.wav,drilling
5375.wav,children_playing
4243.wav,gun_shot
3651.wav,children_playing
4971.wav,street_music
625.wav,car_horn
6209.wav,dog_bark
7588.wav,car_horn
5162.wav,engine_idling
5775.wav,dog_bark
7214.wav,engine_idling
6320.wav,siren
3198.wav,siren
6155.wav,car_horn
109.wav,jackhammer
7703.wav,street_music
5596.wav,dog_bark
7557.wav,children_playing
6675.wav,car_horn
4876.wav,dog_bark
897.wav,children_playing
4700.wav,drilling
2729.wav,jackhammer
8044.wav,siren
3497.wav,street_music
6964.wav,car_horn
4403.wav,engine_idling
4706.wav,children_playing
4812.wav,children_playing
6124.wav,engine_idling
4383.wav,children_playing
1336.wav,car_horn
5170.wav,gun_shot
7189.wav,drilling
5156.wav,engine_idling
5502.wav,air_conditioner
2172.wav,drilling
3106.wav,dog_bark
3926.wav,dog_bark
1878.wav,car_horn
5000.wav,children_playing
4908.wav,street_music
5896.wav,engine_idling
6842.wav,jackhammer
7793.wav,engine_idling
1611.wav,dog_bark
5895.wav,drilling
1833.wav,jackhammer
3289.wav,air_conditioner
4813.wav,jackhammer
2003.wav,engine_idling
143.wav,dog_bark
1403.wav,siren
7291.wav,street_music
1752.wav,children_playing
1239.wav,engine_idling
2223.wav,car_horn
2952.wav,dog_bark
6471.wav,street_music
4850.wav,jackhammer
1662.wav,street_music
7849.wav,drilling
6237.wav,street_music
6625.wav,jackhammer
3789.wav,air_conditioner
5280.wav,street_music
4782.wav,car_horn
8207.wav,children_playing
4882.wav,dog_bark
4302.wav,air_conditioner
4678.wav,children_playing
6569.wav,car_horn
4300.wav,siren
1466.wav,jackhammer
6950.wav,dog_bark
7271.wav,dog_bark
3571.wav,street_music
1202.wav,gun_shot
5567.wav,siren
1735.wav,engine_idling
674.wav,siren
1442.wav,drilling
529.wav,drilling
1600.wav,engine_idling
999.wav,dog_bark
3139.wav,street_music
7168.wav,dog_bark
3303.wav,street_music
1445.wav,siren
203.wav,children_playing
6481.wav,engine_idling
7624.wav,jackhammer
2239.wav,siren
1192.wav,street_music
7781.wav,engine_idling
7575.wav,car_horn
6578.wav,siren
4713.wav,children_playing
6164.wav,dog_bark
545.wav,street_music
115.wav,siren
1814.wav,siren
6058.wav,engine_idling
7782.wav,engine_idling
2502.wav,children_playing
3592.wav,engine_idling
5318.wav,children_playing
6709.wav,gun_shot
5883.wav,drilling
8226.wav,jackhammer
3284.wav,jackhammer
199.wav,drilling
6917.wav,air_conditioner
4590.wav,dog_bark
1383.wav,car_horn
8160.wav,air_conditioner
6994.wav,car_horn
3573.wav,jackhammer
8655.wav,drilling
5766.wav,jackhammer
194.wav,engine_idling
7395.wav,engine_idling
5875.wav,children_playing
4092.wav,engine_idling
950.wav,dog_bark
8689.wav,children_playing
6808.wav,engine_idling
3979.wav,children_playing
1408.wav,dog_bark
7324.wav,engine_idling
5969.wav,dog_bark
1875.wav,jackhammer
2880.wav,dog_bark
5027.wav,jackhammer
8383.wav,dog_bark
166.wav,jackhammer
7146.wav,jackhammer
6406.wav,street_music
4865.wav,children_playing
4419.wav,air_conditioner
3707.wav,street_music
8452.wav,dog_bark
3028.wav,dog_bark
558.wav,engine_idling
966.wav,dog_bark
7774.wav,air_conditioner
5381.wav,jackhammer
5213.wav,jackhammer
7099.wav,siren
4230.wav,jackhammer
198.wav,engine_idling
393.wav,engine_idling
6127.wav,jackhammer
632.wav,dog_bark
2284.wav,air_conditioner
2491.wav,car_horn
7953.wav,dog_bark
4114.wav,dog_bark
2823.wav,siren
1775.wav,street_music
1799.wav,jackhammer
1732.wav,dog_bark
1717.wav,engine_idling
3989.wav,dog_bark
3312.wav,drilling
8298.wav,street_music
4855.wav,children_playing
5955.wav,engine_idling
8371.wav,street_music
591.wav,engine_idling
3181.wav,children_playing
4452.wav,jackhammer
5484.wav,children_playing
5839.wav,gun_shot
6350.wav,engine_idling
6646.wav,siren
7122.wav,air_conditioner
5070.wav,drilling
5621.wav,jackhammer
3775.wav,engine_idling
6044.wav,street_music
7758.wav,drilling
7327.wav,children_playing
8230.wav,jackhammer
7695.wav,dog_bark
8556.wav,drilling
6111.wav,car_horn
4871.wav,engine_idling
1884.wav,siren
6342.wav,siren
5420.wav,jackhammer
2720.wav,dog_bark
968.wav,siren
4955.wav,jackhammer
7033.wav,engine_idling
1253.wav,engine_idling
5797.wav,street_music
1238.wav,jackhammer
3736.wav,dog_bark
8224.wav,children_playing
2322.wav,children_playing
2847.wav,engine_idling
3414.wav,engine_idling
5986.wav,siren
6968.wav,gun_shot
3618.wav,jackhammer
3849.wav,street_music
5720.wav,dog_bark
3378.wav,children_playing
4072.wav,jackhammer
4932.wav,drilling
6576.wav,gun_shot
6701.wav,car_horn
3010.wav,dog_bark
3857.wav,children_playing
681.wav,drilling
2071.wav,children_playing
5160.wav,air_conditioner
8517.wav,siren
341.wav,dog_bark
1590.wav,jackhammer
5718.wav,jackhammer
1410.wav,dog_bark
5288.wav,engine_idling
4336.wav,street_music
1465.wav,children_playing
8254.wav,children_playing
4395.wav,engine_idling
2053.wav,street_music
5779.wav,siren
4731.wav,air_conditioner
7921.wav,drilling
8203.wav,dog_bark
5807.wav,siren
5424.wav,dog_bark
432.wav,air_conditioner
5617.wav,car_horn
1566.wav,street_music
7676.wav,dog_bark
3996.wav,air_conditioner
2606.wav,air_conditioner
3544.wav,children_playing
8121.wav,children_playing
6447.wav,drilling
2758.wav,engine_idling
2178.wav,air_conditioner
2109.wav,air_conditioner
8286.wav,dog_bark
6571.wav,gun_shot
7857.wav,children_playing
390.wav,engine_idling
7741.wav,jackhammer
4145.wav,drilling
2817.wav,children_playing
1622.wav,siren
4148.wav,street_music
862.wav,jackhammer
5860.wav,siren
2024.wav,engine_idling
6632.wav,dog_bark
7276.wav,siren
2337.wav,dog_bark
8376.wav,engine_idling
2814.wav,engine_idling
3134.wav,street_music
4325.wav,engine_idling
4099.wav,children_playing
805.wav,air_conditioner
6983.wav,jackhammer
8549.wav,car_horn
5520.wav,car_horn
8007.wav,siren
7317.wav,jackhammer
1374.wav,children_playing
7.wav,children_playing
2519.wav,jackhammer
7764.wav,car_horn
4981.wav,street_music
4654.wav,engine_idling
1644.wav,air_conditioner
7786.wav,air_conditioner
1975.wav,children_playing
3633.wav,street_music
7888.wav,engine_idling
3000.wav,dog_bark
4980.wav,dog_bark
5873.wav,dog_bark
4250.wav,drilling
1342.wav,car_horn
3635.wav,drilling
2362.wav,drilling
4712.wav,children_playing
6798.wav,siren
5935.wav,street_music
7974.wav,car_horn
7268.wav,engine_idling
8204.wav,dog_bark
3705.wav,air_conditioner
1557.wav,siren
2867.wav,drilling
8321.wav,street_music
1395.wav,dog_bark
5245.wav,children_playing
4489.wav,engine_idling
5275.wav,dog_bark
4312.wav,gun_shot
3311.wav,children_playing
7104.wav,dog_bark
3963.wav,air_conditioner
483.wav,car_horn
8164.wav,drilling
5050.wav,jackhammer
8379.wav,dog_bark
8468.wav,street_music
4040.wav,dog_bark
4380.wav,children_playing
7473.wav,siren
2937.wav,jackhammer
1998.wav,children_playing
4266.wav,gun_shot
3484.wav,car_horn
3802.wav,gun_shot
4577.wav,children_playing
3440.wav,drilling
169.wav,engine_idling
8116.wav,jackhammer
2953.wav,children_playing
2742.wav,engine_idling
2897.wav,engine_idling
7948.wav,street_music
6313.wav,engine_idling
5440.wav,street_music
4013.wav,air_conditioner
1438.wav,engine_idling
124.wav,drilling
7139.wav,siren
2215.wav,children_playing
7341.wav,jackhammer
7101.wav,dog_bark
2383.wav,gun_shot
626.wav,engine_idling
1122.wav,engine_idling
7603.wav,children_playing
539.wav,drilling
340.wav,children_playing
6076.wav,children_playing
6360.wav,dog_bark
7517.wav,dog_bark
8107.wav,dog_bark
989.wav,dog_bark
5249.wav,dog_bark
7266.wav,children_playing
942.wav,car_horn
6794.wav,engine_idling
7308.wav,drilling
3558.wav,jackhammer
8126.wav,jackhammer
2321.wav,air_conditioner
3500.wav,gun_shot
2409.wav,air_conditioner
5454.wav,jackhammer
8096.wav,street_music
3586.wav,drilling
4478.wav,siren
5342.wav,engine_idling
5629.wav,drilling
4818.wav,children_playing
7678.wav,dog_bark
3777.wav,street_music
8436.wav,dog_bark
5593.wav,children_playing
5602.wav,dog_bark
3430.wav,siren
1155.wav,engine_idling
2431.wav,jackhammer
5819.wav,siren
1905.wav,air_conditioner
1413.wav,engine_idling
5527.wav,gun_shot
4305.wav,siren
541.wav,engine_idling
238.wav,dog_bark
7635.wav,air_conditioner
3065.wav,children_playing
2268.wav,siren
5973.wav,street_music
2905.wav,engine_idling
6827.wav,street_music
7670.wav,dog_bark
6682.wav,dog_bark
553.wav,siren
3359.wav,children_playing
3954.wav,jackhammer
8198.wav,street_music
3946.wav,dog_bark
3990.wav,jackhammer
3382.wav,street_music
8414.wav,jackhammer
3402.wav,street_music
2883.wav,engine_idling
4448.wav,siren
4681.wav,street_music
3073.wav,siren
6776.wav,drilling
7684.wav,dog_bark
8019.wav,children_playing
4296.wav,drilling
3304.wav,children_playing
4136.wav,air_conditioner
2528.wav,dog_bark
6368.wav,jackhammer
8373.wav,dog_bark
126.wav,street_music
5991.wav,dog_bark
7884.wav,dog_bark
595.wav,engine_idling
6114.wav,siren
5506.wav,gun_shot
4627.wav,street_music
5759.wav,air_conditioner
8661.wav,engine_idling
7968.wav,engine_idling
7209.wav,dog_bark
3045.wav,engine_idling
7940.wav,dog_bark
4868.wav,car_horn
6957.wav,dog_bark
6899.wav,drilling
1753.wav,air_conditioner
4208.wav,siren
1955.wav,siren
1747.wav,siren
8267.wav,dog_bark
3774.wav,dog_bark
1391.wav,street_music
6386.wav,air_conditioner
6887.wav,dog_bark
1315.wav,children_playing
2128.wav,street_music
2359.wav,siren
1198.wav,dog_bark
5756.wav,dog_bark
8059.wav,street_music
7220.wav,street_music
1373.wav,engine_idling
2715.wav,jackhammer
7794.wav,engine_idling
1382.wav,drilling
8011.wav,children_playing
2341.wav,dog_bark
4553.wav,air_conditioner
3219.wav,engine_idling
86.wav,children_playing
1046.wav,air_conditioner
6849.wav,jackhammer
998.wav,children_playing
320.wav,air_conditioner
2276.wav,engine_idling
5108.wav,car_horn
8585.wav,dog_bark
287.wav,jackhammer
1307.wav,air_conditioner
6472.wav,car_horn
4268.wav,dog_bark
6039.wav,gun_shot
1903.wav,street_music
1427.wav,jackhammer
4765.wav,street_music
1185.wav,children_playing
7428.wav,children_playing
2325.wav,children_playing
2059.wav,drilling
1641.wav,street_music
244.wav,engine_idling
4348.wav,jackhammer
1572.wav,siren
8147.wav,jackhammer
6959.wav,drilling
4761.wav,dog_bark
4649.wav,jackhammer
3794.wav,drilling
5267.wav,children_playing
4580.wav,street_music
387.wav,air_conditioner
909.wav,street_music
5665.wav,engine_idling
5300.wav,children_playing
2798.wav,dog_bark
680.wav,air_conditioner
8162.wav,siren
6203.wav,children_playing
1585.wav,air_conditioner
3737.wav,engine_idling
2562.wav,siren
827.wav,dog_bark
281.wav,dog_bark
3251.wav,children_playing
1320.wav,jackhammer
5442.wav,street_music
5916.wav,jackhammer
5450.wav,jackhammer
2357.wav,children_playing
3710.wav,children_playing
1993.wav,children_playing
4596.wav,dog_bark
7544.wav,dog_bark
1838.wav,dog_bark
4516.wav,engine_idling
8451.wav,gun_shot
490.wav,jackhammer
6112.wav,air_conditioner
3923.wav,engine_idling
4460.wav,street_music
6052.wav,dog_bark
6795.wav,dog_bark
7290.wav,engine_idling
8359.wav,siren
828.wav,drilling
5905.wav,street_music
4930.wav,car_horn
6987.wav,drilling
4019.wav,dog_bark
5018.wav,jackhammer
1132.wav,street_music
1430.wav,dog_bark
4751.wav,siren
5229.wav,gun_shot
494.wav,jackhammer
3472.wav,street_music
6845.wav,engine_idling
4901.wav,engine_idling
5798.wav,dog_bark
2374.wav,air_conditioner
4760.wav,dog_bark
3093.wav,car_horn
4435.wav,jackhammer
3368.wav,dog_bark
5254.wav,engine_idling
4995.wav,jackhammer
3801.wav,children_playing
237.wav,engine_idling
1526.wav,air_conditioner
552.wav,jackhammer
1772.wav,dog_bark
7971.wav,drilling
3524.wav,engine_idling
5079.wav,car_horn
4023.wav,street_music
2007.wav,dog_bark
158.wav,street_music
2618.wav,jackhammer
5273.wav,car_horn
7356.wav,children_playing
5814.wav,children_playing
1524.wav,engine_idling
3928.wav,drilling
6863.wav,engine_idling
1177.wav,street_music
3723.wav,jackhammer
5924.wav,gun_shot
5700.wav,jackhammer
3513.wav,drilling
4582.wav,drilling
5047.wav,children_playing
5413.wav,engine_idling
254.wav,dog_bark
5804.wav,children_playing
2591.wav,jackhammer
4196.wav,engine_idling
762.wav,drilling
5910.wav,children_playing
601.wav,engine_idling
4744.wav,siren
7514.wav,siren
6186.wav,jackhammer
2643.wav,children_playing
6519.wav,street_music
1193.wav,car_horn
7771.wav,air_conditioner
5362.wav,siren
8017.wav,engine_idling
2399.wav,children_playing
7803.wav,engine_idling
4727.wav,children_playing
451.wav,car_horn
7535.wav,children_playing
55.wav,jackhammer
5287.wav,children_playing
321.wav,car_horn
7080.wav,drilling
2375.wav,car_horn
1057.wav,car_horn
4664.wav,siren
1013.wav,dog_bark
6236.wav,engine_idling
2716.wav,jackhammer
5269.wav,drilling
6854.wav,drilling
8674.wav,dog_bark
908.wav,dog_bark
3650.wav,street_music
668.wav,gun_shot
2804.wav,dog_bark
157.wav,children_playing
7987.wav,children_playing
1882.wav,children_playing
2434.wav,engine_idling
1433.wav,children_playing
2948.wav,jackhammer
4271.wav,air_conditioner
7461.wav,engine_idling
7615.wav,jackhammer
7958.wav,street_music
3088.wav,air_conditioner
1610.wav,children_playing
8461.wav,engine_idling
4332.wav,gun_shot
1513.wav,drilling
4772.wav,engine_idling
6690.wav,children_playing
1862.wav,street_music
1624.wav,children_playing
7481.wav,street_music
5053.wav,jackhammer
8065.wav,jackhammer
2214.wav,siren
7864.wav,siren
1422.wav,drilling
8367.wav,engine_idling
5399.wav,drilling
2627.wav,jackhammer
1915.wav,engine_idling
8256.wav,drilling
8388.wav,dog_bark
4468.wav,dog_bark
6038.wav,dog_bark
2579.wav,dog_bark
2483.wav,gun_shot
4238.wav,children_playing
1325.wav,dog_bark
3744.wav,air_conditioner
2638.wav,children_playing
5087.wav,engine_idling
2376.wav,dog_bark
3059.wav,dog_bark
6995.wav,dog_bark
8559.wav,drilling
6277.wav,jackhammer
2876.wav,jackhammer
7152.wav,air_conditioner
1389.wav,drilling
970.wav,street_music
1676.wav,engine_idling
7662.wav,jackhammer
5056.wav,street_music
548.wav,car_horn
2459.wav,engine_idling
6199.wav,siren
5693.wav,jackhammer
5222.wav,children_playing
3174.wav,gun_shot
8120.wav,children_playing
6261.wav,engine_idling
602.wav,street_music
89.wav,children_playing
2281.wav,drilling
5144.wav,drilling
5293.wav,gun_shot
1519.wav,air_conditioner
984.wav,siren
2626.wav,drilling
6253.wav,air_conditioner
1464.wav,dog_bark
3204.wav,dog_bark
1533.wav,siren
6788.wav,air_conditioner
5016.wav,drilling
5453.wav,air_conditioner
181.wav,gun_shot
6727.wav,jackhammer
3535.wav,siren
7926.wav,children_playing
6526.wav,jackhammer
1037.wav,jackhammer
1451.wav,jackhammer
1682.wav,jackhammer
5501.wav,children_playing
6670.wav,engine_idling
7248.wav,drilling
2622.wav,dog_bark
5422.wav,street_music
1019.wav,siren
1650.wav,children_playing
8295.wav,drilling
6611.wav,drilling
7397.wav,drilling
8209.wav,jackhammer
5958.wav,jackhammer
7753.wav,street_music
2495.wav,dog_bark
618.wav,engine_idling
3563.wav,jackhammer
992.wav,children_playing
3612.wav,children_playing
6587.wav,gun_shot
3466.wav,air_conditioner
4933.wav,drilling
8700.wav,dog_bark
2032.wav,dog_bark
8516.wav,engine_idling
2525.wav,jackhammer
960.wav,dog_bark
3017.wav,engine_idling
5434.wav,dog_bark
6962.wav,siren
3479.wav,jackhammer
6733.wav,children_playing
3412.wav,children_playing
2294.wav,jackhammer
2755.wav,drilling
2916.wav,jackhammer
2111.wav,air_conditioner
7551.wav,street_music
6780.wav,air_conditioner
6861.wav,street_music
609.wav,street_music
4042.wav,street_music
3438.wav,street_music
1696.wav,dog_bark
5402.wav,children_playing
6884.wav,dog_bark
958.wav,engine_idling
4768.wav,engine_idling
3665.wav,air_conditioner
8688.wav,engine_idling
5728.wav,air_conditioner
7722.wav,children_playing
1962.wav,engine_idling
7605.wav,street_music
1127.wav,air_conditioner
4441.wav,jackhammer
2165.wav,children_playing
4240.wav,dog_bark
2069.wav,children_playing
2177.wav,jackhammer
4620.wav,drilling
1592.wav,siren
7132.wav,engine_idling
3129.wav,engine_idling
8566.wav,engine_idling
7128.wav,children_playing
8719.wav,air_conditioner
1909.wav,engine_idling
5823.wav,children_playing
2012.wav,engine_idling
6711.wav,dog_bark
5945.wav,children_playing
7767.wav,dog_bark
5787.wav,engine_idling
6306.wav,gun_shot
3901.wav,children_playing
3625.wav,dog_bark
5098.wav,engine_idling
7709.wav,gun_shot
3173.wav,drilling
1285.wav,drilling
6825.wav,drilling
1304.wav,car_horn
2336.wav,engine_idling
6554.wav,air_conditioner
3623.wav,children_playing
6687.wav,street_music
1041.wav,siren
1983.wav,engine_idling
6672.wav,children_playing
4133.wav,drilling
4591.wav,street_music
1161.wav,air_conditioner
2151.wav,jackhammer
266.wav,street_music
7310.wav,jackhammer
1785.wav,air_conditioner
4777.wav,jackhammer
1972.wav,street_music
4368.wav,gun_shot
6264.wav,siren
2423.wav,siren
4447.wav,street_music
7289.wav,street_music
5136.wav,car_horn
6276.wav,engine_idling
2826.wav,air_conditioner
4391.wav,jackhammer
8350.wav,engine_idling
4774.wav,engine_idling
5039.wav,air_conditioner
6862.wav,air_conditioner
596.wav,gun_shot
5301.wav,children_playing
6706.wav,children_playing
1845.wav,jackhammer
3109.wav,jackhammer
154.wav,siren
8139.wav,engine_idling
2833.wav,engine_idling
8197.wav,air_conditioner
5576.wav,children_playing
7166.wav,jackhammer
4734.wav,children_playing
5475.wav,dog_bark
2609.wav,street_music
6707.wav,engine_idling
1643.wav,siren
1101.wav,engine_idling
6919.wav,car_horn
3122.wav,dog_bark
1499.wav,children_playing
1538.wav,jackhammer
6685.wav,children_playing
2061.wav,dog_bark
5978.wav,dog_bark
4978.wav,gun_shot
2563.wav,siren
6216.wav,siren
4399.wav,children_playing
5383.wav,street_music
8250.wav,children_playing
2187.wav,jackhammer
1266.wav,car_horn
2611.wav,dog_bark
4780.wav,street_music
5872.wav,gun_shot
1979.wav,jackhammer
5688.wav,jackhammer
616.wav,street_music
4005.wav,siren
6233.wav,children_playing
947.wav,children_playing
2520.wav,children_playing
1280.wav,jackhammer
3712.wav,children_playing
2342.wav,jackhammer
5295.wav,drilling
2556.wav,children_playing
2437.wav,engine_idling
8495.wav,street_music
1039.wav,children_playing
2631.wav,jackhammer
1376.wav,engine_idling
5801.wav,engine_idling
4154.wav,siren
4869.wav,gun_shot
7445.wav,dog_bark
6996.wav,drilling
4149.wav,air_conditioner
5643.wav,children_playing
8648.wav,drilling
283.wav,siren
4555.wav,children_playing
1865.wav,jackhammer
4034.wav,drilling
8593.wav,siren
7663.wav,dog_bark
6584.wav,drilling
1545.wav,drilling
6636.wav,street_music
4276.wav,children_playing
7984.wav,street_music
6514.wav,siren
4671.wav,dog_bark
4593.wav,street_music
4518.wav,drilling
3335.wav,dog_bark
3564.wav,jackhammer
7303.wav,children_playing
8149.wav,engine_idling
3456.wav,air_conditioner
2885.wav,jackhammer
8576.wav,dog_bark
325.wav,jackhammer
7805.wav,children_playing
1360.wav,car_horn
4308.wav,siren
1333.wav,drilling
5694.wav,street_music
759.wav,engine_idling
2118.wav,jackhammer
7719.wav,engine_idling
7763.wav,engine_idling
8129.wav,dog_bark
2475.wav,jackhammer
3428.wav,air_conditioner
4642.wav,jackhammer
4552.wav,car_horn
2492.wav,street_music
3704.wav,jackhammer
814.wav,jackhammer
7293.wav,street_music
6525.wav,engine_idling
8662.wav,dog_bark
3086.wav,children_playing
4798.wav,dog_bark
6590.wav,street_music
8529.wav,dog_bark
2654.wav,street_music
8163.wav,siren
6940.wav,street_music
7415.wav,jackhammer
6960.wav,dog_bark
5097.wav,siren
3620.wav,air_conditioner
6921.wav,engine_idling
4282.wav,engine_idling
5846.wav,jackhammer
1457.wav,street_music
6391.wav,engine_idling
4292.wav,siren
1844.wav,street_music
6545.wav,drilling
2793.wav,jackhammer
7184.wav,children_playing
1110.wav,engine_idling
2041.wav,dog_bark
1216.wav,children_playing
873.wav,engine_idling
7658.wav,air_conditioner
4421.wav,car_horn
6231.wav,siren
4079.wav,children_playing
4344.wav,children_playing
5101.wav,children_playing
4875.wav,jackhammer
2838.wav,car_horn
3773.wav,drilling
3201.wav,air_conditioner
6585.wav,children_playing
4606.wav,dog_bark
3476.wav,car_horn
8301.wav,street_music
7480.wav,drilling
4673.wav,children_playing
7986.wav,jackhammer
7809.wav,siren
4878.wav,gun_shot
7192.wav,drilling
3837.wav,air_conditioner
7913.wav,children_playing
2546.wav,drilling
8225.wav,air_conditioner
5193.wav,dog_bark
7270.wav,engine_idling
2377.wav,engine_idling
62.wav,children_playing
6848.wav,car_horn
5168.wav,jackhammer
5443.wav,jackhammer
7886.wav,children_playing
6645.wav,engine_idling
5285.wav,children_playing
2635.wav,air_conditioner
5987.wav,engine_idling
4548.wav,drilling
8525.wav,engine_idling
460.wav,jackhammer
4819.wav,air_conditioner
917.wav,street_music
7546.wav,dog_bark
3300.wav,gun_shot
8158.wav,engine_idling
267.wav,gun_shot
2521.wav,air_conditioner
8390.wav,dog_bark
7236.wav,siren
2112.wav,siren
7737.wav,air_conditioner
8506.wav,street_music
2232.wav,siren
5666.wav,air_conditioner
4717.wav,children_playing
1264.wav,jackhammer
5185.wav,jackhammer
5368.wav,drilling
1081.wav,dog_bark
3641.wav,street_music
4151.wav,jackhammer
2334.wav,street_music
1033.wav,engine_idling
5015.wav,street_music
2530.wav,children_playing
183.wav,dog_bark
5455.wav,car_horn
2843.wav,dog_bark
4738.wav,drilling
5377.wav,dog_bark
1364.wav,street_music
6838.wav,children_playing
4537.wav,jackhammer
7925.wav,air_conditioner
3733.wav,air_conditioner
7421.wav,children_playing
5794.wav,air_conditioner
8331.wav,children_playing
5232.wav,siren
8223.wav,car_horn
3242.wav,children_playing
7396.wav,siren
7234.wav,children_playing
1474.wav,car_horn
3132.wav,children_playing
2694.wav,gun_shot
4269.wav,engine_idling
6097.wav,children_playing
8056.wav,dog_bark
1778.wav,children_playing
6334.wav,car_horn
1443.wav,jackhammer
3505.wav,siren
1099.wav,jackhammer
5365.wav,drilling
1906.wav,engine_idling
7255.wav,dog_bark
5235.wav,dog_bark
3841.wav,siren
8124.wav,air_conditioner
7489.wav,engine_idling
3512.wav,jackhammer
3403.wav,dog_bark
504.wav,siren
2131.wav,gun_shot
4543.wav,dog_bark
6684.wav,drilling
1959.wav,engine_idling
1125.wav,engine_idling
5525.wav,children_playing
6489.wav,street_music
4497.wav,engine_idling
8548.wav,siren
7967.wav,air_conditioner
5305.wav,jackhammer
7659.wav,dog_bark
1023.wav,street_music
706.wav,dog_bark
3326.wav,air_conditioner
3746.wav,drilling
934.wav,dog_bark
518.wav,air_conditioner
5086.wav,jackhammer
1179.wav,jackhammer
8303.wav,drilling
7130.wav,engine_idling
6008.wav,drilling
2708.wav,street_music
918.wav,siren
4370.wav,jackhammer
7847.wav,engine_idling
1920.wav,gun_shot
5339.wav,drilling
1926.wav,gun_shot
147.wav,drilling
7243.wav,gun_shot
4225.wav,dog_bark
6814.wav,siren
7147.wav,engine_idling
1299.wav,children_playing
234.wav,drilling
8276.wav,dog_bark
1698.wav,dog_bark
2561.wav,engine_idling
8117.wav,dog_bark
5569.wav,siren
6353.wav,siren
8319.wav,dog_bark
3740.wav,dog_bark
1135.wav,drilling
4229.wav,children_playing
6011.wav,children_playing
747.wav,children_playing
5866.wav,air_conditioner
5789.wav,engine_idling
2164.wav,dog_bark
7555.wav,siren
5618.wav,drilling
1852.wav,street_music
8281.wav,children_playing
5192.wav,dog_bark
3329.wav,engine_idling
8692.wav,jackhammer
3009.wav,jackhammer
5529.wav,air_conditioner
7239.wav,dog_bark
1111.wav,drilling
6407.wav,children_playing
4910.wav,engine_idling
8309.wav,air_conditioner
6666.wav,air_conditioner
3380.wav,car_horn
6363.wav,engine_idling
1065.wav,drilling
3396.wav,car_horn
2845.wav,siren
4862.wav,engine_idling
8731.wav,siren
1494.wav,air_conditioner
6913.wav,jackhammer
4115.wav,siren
2698.wav,car_horn
1693.wav,dog_bark
6688.wav,jackhammer
3601.wav,dog_bark
5539.wav,gun_shot
1124.wav,dog_bark
1490.wav,siren
2660.wav,children_playing
7778.wav,dog_bark
1575.wav,siren
5349.wav,drilling
2442.wav,siren
2981.wav,street_music
2426.wav,children_playing
5590.wav,dog_bark
2429.wav,drilling
476.wav,dog_bark
8454.wav,engine_idling
4922.wav,street_music
1670.wav,street_music
4245.wav,siren
5919.wav,street_music
1254.wav,car_horn
510.wav,jackhammer
6491.wav,engine_idling
8389.wav,dog_bark
3942.wav,street_music
1128.wav,siren
1553.wav,children_playing
492.wav,dog_bark
8030.wav,jackhammer
5327.wav,engine_idling
5549.wav,siren
2696.wav,gun_shot
7749.wav,engine_idling
4215.wav,dog_bark
431.wav,siren
2176.wav,dog_bark
8487.wav,street_music
2027.wav,siren
634.wav,engine_idling
6202.wav,siren
831.wav,siren
4470.wav,children_playing
1580.wav,air_conditioner
7160.wav,car_horn
3532.wav,children_playing
8094.wav,dog_bark
2137.wav,jackhammer
1282.wav,engine_idling
3260.wav,gun_shot
7470.wav,drilling
7484.wav,street_music
1700.wav,drilling
1053.wav,air_conditioner
6195.wav,jackhammer
6208.wav,engine_idling
3589.wav,children_playing
7755.wav,jackhammer
5354.wav,dog_bark
6405.wav,street_music
1167.wav,street_music
